﻿sl,source_link,company_Name,contact_name,first_name,last_name,email_address,title,tag,phone_number,web_link,review_by,linkedin_link,company_linkedin,working_duration,location,address,city,state,zip_code,country
1,https://www.yelp.com/biz/1-800-got-junk-la-county-east-la-puente-2,1-800-GOT-JUNK? LA County East,Dezra Davis,Dezra,Davis,dezra.davis@1800gotjunk.com,Owner,E-Commerce,(800) 468-5865,1800gotjunk.com,LA,Afjalul Islam,https://www.linkedin.com/in/abigail-amos-20b914b4/,https://www.linkedin.com/in/abigail-amos-20b914b4/,2 years 6 months in role and company,Greater Oxford Area,,,,USA
2,https://www.yelp.com/biz/alta-junk-removal-service-highland-2,Alta Junk Removal Service,Jose Altamirano,Jose,Altamirano,jose.altamirano31@yahoo.com,Owner,E-Commerce,(909) 685-5873,altajunkremoval.com,Redlands,Afjalul Islam,https://www.linkedin.com/in/adriana-de-simone-2b34966a/,https://www.linkedin.com/in/adriana-de-simone-2b34966a/,6 months in role and company,"London, England, United Kingdom",,,,USA
3,https://www.yelp.com/biz/american-redline-junk-removal-services-rancho-cucamonga,American Redline Junk Removal Services,Daniel V. Daniel,Daniel,Daniel,arjunkremoval@gmail.com,Business Owner,E-Commerce,909-545-3776,arjunkremoval.wixsite.com,Rancho Cucamonga,Afjalul Islam,https://www.linkedin.com/in/adrian-bak-1870b8133/,https://www.linkedin.com/in/adrian-bak-1870b8133/,1 year 2 months in role and company,"London, England, United Kingdom",,,,USA
4,https://www.yelp.com/biz/b-hauling-trash-removal-demolition-whittier,B Hauling Trash Removal Demolition,Adrian B,Adrian,B,b.haulingxdemoltion@gmail.com,Owner,E-Commerce,562-565-4064,bhaulingtrashremoval.com,Whittier,Afjalul Islam,https://www.linkedin.com/in/alicefabrizio,https://www.linkedin.com/in/alicefabrizio,4 years 8 months in role and company,"London, England, United Kingdom",,,,USA
5,https://www.yelp.com/biz/bins-n-bins-dumpster-rental-service-los-angeles,Bins n Bins: Dumpster Rental Service,Hector Cabrales,Hector,Cabrales,hector@binsnbins.com,CEO,E-Commerce,(310) 413-1708,binsnbins.com,Los Angeles,Afjalul Islam,https://www.linkedin.com/in/agnesedemasi,https://www.linkedin.com/in/agnesedemasi,20 years 6 months in role and company,"London, England, United Kingdom",,,,USA
6,https://www.yelp.com/biz/carriage-solutions-pomona,Carriage Solutions,Mohamedi,Mohamedi,,mohamedi@carriagesolutions.net,Owner,E-Commerce,(323) 412-0295,carriagesolutions.net,Pomona,Afjalul Islam,https://www.linkedin.com/in/agustin-mendoza-a675b618/,https://www.linkedin.com/in/agustin-mendoza-a675b618/,2 years 5 months in role and company,"London, England, United Kingdom",,,,USA
7,https://www.yelp.com/biz/coastal-hauling-and-junk-removal-newport-beach-3,Coastal Hauling and Junk Removal,Andrew Cole,Andrew,Cole,Andrew.Cole@coastalhauling.com,Owner,E-Commerce,(949) 274-6191,coastalhauling.com,Newport Beach,Afjalul Islam,https://www.linkedin.com/in/alex-secrett-03aa2468/,https://www.linkedin.com/in/alex-secrett-03aa2468/,5 years 6 months in role and company,United Kingdom,,,,USA
8,https://www.yelp.com/biz/college-hunks-hauling-junk-and-moving-santa-ana-3,College Hunks Hauling Junk and Moving,Nick Friedman,Nick,Friedman,nick@collegehunkshaulingjunk.com,"Co-Founder , Owner",E-Commerce,(510) 726-8385,collegehunkshaulingjunk.com,Santa Ana,Afjalul Islam,https://www.linkedin.com/in/alicesmith96,https://www.linkedin.com/in/alicesmith96,9 months in role and company,Greater Oxford Area,,,,USA
9,https://www.yelp.com/biz/cool-guy-moving-and-hauling-los-angeles,Cool Guy Moving & Hauling,Norbert E,Norbert,E,coolguymoving@gmail.com,Owner,E-Commerce,(818) 770-4135,coolguymoving.wixsite.com,Los Angeles,Afjalul Islam,https://www.linkedin.com/in/alison-payne-479ab340/,https://www.linkedin.com/in/alison-payne-479ab340/,3 years 4 months in role and company,"London, England, United Kingdom",,,,USA
10,https://www.yelp.com/biz/delta-trucking-roll-off-and-demo-services-riverside,Delta Trucking - Roll Off and Demo Services,Julio Soto,Julio,Soto,Julio@deltatruckinginc.com,president,E-Commerce,951-462-1406,deltatruckinginc.co,Riverside,Afjalul Islam,https://www.linkedin.com/in/alison-booth-a34a049a,https://www.linkedin.com/in/alison-booth-a34a049a,6 years 3 months in role and company,"Watford, England, United Kingdom",,,,USA
11,https://www.yelp.com/biz/jmo-demolition-and-earthwork-chino-2,JMO Demolition and Earthwork,Jeronimo Gutierrez,Jeronimo,Gutierrez,teke440@gmail.com,Chief Executive Officer,E-Commerce,(909) 322-9355,,Chino,Afjalul Islam,https://www.linkedin.com/in/abigail-le-marchand-b7337847/,https://www.linkedin.com/in/abigail-le-marchand-b7337847/,1 year 1 month in role and company,"London, England, United Kingdom",,,,USA
12,https://www.yelp.com/biz/jtm-firewood-2-fontana-11,Jtm Firewood 2,Justin Mathews,Justin,Mathews,jtmfirewood@gmail.com,Owner,E-Commerce,(909) 372-8531,jtmfirewood.com,Fontana,Afjalul Islam,https://www.linkedin.com/in/andreamaflin,https://www.linkedin.com/in/andreamaflin,3 years 6 months in role and company,"London, England, United Kingdom",,,,USA
13,https://www.yelp.com/biz/junk-b-gone-whittier,Junk B Gone,Booker Scott,Booker,Scott,Booker@junkbgone.com,Owner,E-Commerce,(206) 722-4285,junk-b-gone-junk-store.business.site,Whittier,Afjalul Islam,https://www.linkedin.com/in/amalia-boier-8a2833bb/,https://www.linkedin.com/in/amalia-boier-8a2833bb/,2 years 11 months in role and company,"London, England Metropolitan Area",,,,USA
14,https://www.yelp.com/biz/junk-king-la-south-bay-torrance,Junk King LA South Bay,Jeff Wong,Jeff,Wong,Jeff.Wong@junk-king.com,Owner,E-Commerce,888-888-5865,junk-king.com,Torrance,Afjalul Islam,https://www.linkedin.com/in/amanda-lai-0b6a9786,https://www.linkedin.com/in/amanda-lai-0b6a9786,3 years 6 months in role and company,"Watford, England, United Kingdom",,,,USA
15,https://www.yelp.com/biz/junk-man-dan-santa-clarita-3,Junk Man Dan,Daniel W,Daniel,W,junkmandan@aol.com,Owner,E-Commerce,(661) 210-9267,junkmandan.com,Santa Clarita,Afjalul Islam,https://www.linkedin.com/in/amanda-tarrant,https://www.linkedin.com/in/amanda-tarrant,5 years 6 months in role and company,"St. Albans, England, United Kingdom",,,,USA
16,https://www.yelp.com/biz/junk-removal-eastvale,Junk Removal,Steven,Steven,,steven@junketcremoval.com,Owner,E-Commerce,(951) 233-2168,junketcremoval.com,Eastvale,Afjalul Islam,https://www.linkedin.com/in/amber-slack-0a346919b,https://www.linkedin.com/in/amber-slack-0a346919b,8 years 6 months in role and company,"London, England Metropolitan Area",,,,USA
17,https://www.yelp.com/biz/let-junk-go-long-beach,Let Junk Go,Charles O,Charles,O,letjunkgo@gmail.com,Owner,E-Commerce,562-486-4671,letjunkgo.com,Long Beach,Afjalul Islam,https://www.linkedin.com/in/amelie-von-celsing-476238116,https://www.linkedin.com/in/amelie-von-celsing-476238116,3 years 1 month in role and company,"London, England, United Kingdom",,,,USA
18,https://www.yelp.com/biz/moving-gurus-and-junk-removal-fullerton,Moving Gurus & Junk Removal,Thomas Hernandez,Thomas,Hernandez,yourmovinggurus@gmail.com,Business Owner,E-Commerce,(714) 882-0619,yourmovinggurus.com,Fullerton,Afjalul Islam,https://www.linkedin.com/in/amittai-lee-antoine-a3a01814,https://www.linkedin.com/in/amittai-lee-antoine-a3a01814,1 year 6 months in role and company,"London, England, United Kingdom",,,,USA
19,https://www.yelp.com/biz/my-moving-crew-brea-5,My Moving Crew,Terry P.,Terry,P.,MyMovingCrewOC@gmail.com,Owner,E-Commerce,(714) 904-0921,terrybparise.wixsite.com,CA,Afjalul Islam,https://www.linkedin.com/in/amy-baudet-87b841111,https://www.linkedin.com/in/amy-baudet-87b841111,2 years 5 months in role and company,"Shoreham by Sea, England, United Kingdom",,,,USA
20,https://www.yelp.com/biz/oc-junk-hauling-mission-viejo,OC Junk Hauling,KAREN SANCHEZ,KAREN,SANCHEZ,ocjunkhauling@yahoo.com,Owner,E-Commerce,(949) 424-9265,ocjunkhauling.com,Mission Viejo,Afjalul Islam,https://www.linkedin.com/in/anchal-chauhan-823987b8,https://www.linkedin.com/in/anchal-chauhan-823987b8,1 year 7 months in role and company,"Thanet, England, United Kingdom",,,,USA
21,https://www.yelp.com/biz/one-call-junk-haul-san-fernando-valley-los-angeles,One Call Junk Haul San Fernando Valley,Jesse Jalbert,Jesse,Jalbert,Jesse@onecalljunkhaul.com,Owner,E-Commerce,(978) 558-0037,onecalljunkhaul.com,Los Angeles,Afjalul Islam,https://www.linkedin.com/in/andie-haycock-a866a94a/,https://www.linkedin.com/in/andie-haycock-a866a94a/,7 years 3 months in role and company,"Tunbridge Wells, England, United Kingdom",,,,USA
22,https://www.yelp.com/biz/power-recycling-disposal-corona,Power Recycling Disposal,Margarito Belmudez,Margarito,Belmudez,power.recyclingdisposal@gmail.com,Owner,E-Commerce,(951) 808-3135,powerrecyclingdisposalservices.com,Corona,Afjalul Islam,https://www.linkedin.com/in/andreapavarini,https://www.linkedin.com/in/andreapavarini,5 years 6 months in role and company,"London, England Metropolitan Area",,,,USA
23,https://www.yelp.com/biz/robles-trash-removal-santa-clarita,Robles Trash Removal,Toby,Toby,,toby@roblestrashremoval.com,Owner,E-Commerce,(661) 714-8444,roblestrashremoval.com,Santa Clarita,Afjalul Islam,https://www.linkedin.com/in/andrea-fitzgerald-0b462942,https://www.linkedin.com/in/andrea-fitzgerald-0b462942,6 years 6 months in role and company,"London, England, United Kingdom",,,,USA
24,https://www.yelp.com/biz/royal-junk-removal-tustin-2,Royal Junk Removal,Joel Gonzalez,Joel,Gonzalez,royaljunkremoval@gmail.com,Owner,E-Commerce,(949) 800-9935,Royaljunkremoval.com,Tustin,Afjalul Islam,https://www.linkedin.com/in/andy-norris-1398907,https://www.linkedin.com/in/andy-norris-1398907,6 years 1 month in role and company,"London, England, United Kingdom",,,,USA
25,https://www.yelp.com/biz/simms-junk-and-demo-placentia,SIMMS JUNK and DEMO,Parker simms,Parker,simms,simmsjunkanddemo@gmail.com,Owner,E-Commerce,714-767-1760,simms-junk-demo.business.site,Placentia,Afjalul Islam,https://www.linkedin.com/in/angela-o-donnell-0244131a,https://www.linkedin.com/in/angela-o-donnell-0244131a,5 years 6 months in role and company,"Winchester, England, United Kingdom",,,,USA
26,https://www.yelp.com/biz/tc-and-h-you-call-we-haul-covina,TC&H You Call We Haul,Marcela Ortega,Marcela,Ortega,trashcleanupandhaul@gmail.com,Owner,E-Commerce,951-790-8498,trashcleanupandhaul.com,Covina,Afjalul Islam,https://www.linkedin.com/in/anna-lee-0540854b,https://www.linkedin.com/in/anna-lee-0540854b,1 year 2 months in role and company,"London, England Metropolitan Area",,,,USA
27,https://www.yelp.com/biz/trashy-guy-oc-junk-removal-costa-mesa-2,Trashy Guy OC Junk removal,Robert M.,Robert,M.,junkhauleroc@gmail.com,Owner,E-Commerce,(315) 679-7161,trashcleanupandhaul.com,Costa Mesa,Afjalul Islam,https://www.linkedin.com/in/jeremy-clements-a7927b32,https://www.linkedin.com/in/jeremy-clements-a7927b32,7 years 3 months in role and company,"London, England, United Kingdom",,,,USA
28,https://www.yelp.com/biz/two-mans-hauling-and-cleanup-temple-city,Two Man’s Hauling & Cleanup,Eduardo L,Eduardo,L,2menjunkremoval@gmail.com,Owner,E-Commerce,626-774-1326,2menjunkremoval.com,Temple City,Afjalul Islam,https://www.linkedin.com/in/anna-maria-slater-a342073a,https://www.linkedin.com/in/anna-maria-slater-a342073a,3 years 4 months in role and company,"Southend-on-Sea, England, United Kingdom",,,,USA
29,https://www.yelp.com/biz/1-800-got-junk-claremont-montclair,1-800-got-junk? - Claremont,Matthew Inouye,Matthew,Inouye,Matthew.Inouye@1800gotjunk.com,Manager,E-Commerce,(800) 468-5865,1800gotjunk.com,Montclair,Habibur Rahman,https://www.linkedin.com/in/anna-samygina-879742a7,https://www.linkedin.com/in/anna-samygina-879742a7,1 year 11 months in role and company,"London, England, United Kingdom",,,,USA
30,https://www.yelp.com/biz/a-and-m-compact-dumpsters-fontana-4,A & M Compact Dumpsters,Melissa E,Melissa,E,amequipmentllc@gmailcom,Owner,E-Commerce,(909) 851-2316,amdumpsters.com,Fontana,Habibur Rahman,https://www.linkedin.com/in/antoine-guivarch-0911b47,https://www.linkedin.com/in/antoine-guivarch-0911b47,6 years 2 months in role and company,"London, England Metropolitan Area",,,,USA
31,https://www.yelp.com/biz/ace-hauling-west-covina,Ace Hauling,Sou Marchand,Sou,Marchand,Sou@acehauling.com,President,E-Commerce,(626) 484-4627,acehauling.com,West Covina,Habibur Rahman,https://www.linkedin.com/in/arianavieira,https://www.linkedin.com/in/arianavieira,4 months in role and company,"London, England Metropolitan Area",,,,USA
32,https://www.yelp.com/biz/b-stephen-cooperage-inc-ontario,B Stephen Cooperage Inc,Adam Stephen,Adam,Stephen,adam@bstephencooperage.com,Janitor,E-Commerce,(909) 591-2929,bstephencooperage.com,Ontario,Habibur Rahman,https://www.linkedin.com/in/armelle-lamont-b3234130,https://www.linkedin.com/in/armelle-lamont-b3234130,6 years 7 months in role and company,"London, England Metropolitan Area",,,,USA
33,https://www.yelp.com/biz/bins-n-junk-removal-oak-hills,Bins N Junk Removal,Hector C,Hector,C,hector@binsnbins.com,Manager,E-Commerce,(760) 488-3592,binsnjunkremoval.com,Oak Hills,Habibur Rahman,https://www.linkedin.com/in/armelle-goury-4242a08,https://www.linkedin.com/in/armelle-goury-4242a08,5 years 11 months in role and company,"London, England, United Kingdom",,,,USA
34,https://www.yelp.com/biz/bmc-junk-removal-riverside,BMC Junk Removal,Monique Martin,Monique,Martin,bmartin951@gmail.com,Owner,E-Commerce,(949) 468-7778,bmcjunkremovalca.com,Riverside,Habibur Rahman,https://www.linkedin.com/in/alice-simmons-5060bba5,https://www.linkedin.com/in/alice-simmons-5060bba5,3 years 7 months in role and company,"London, England, United Kingdom",,,,USA
35,https://www.yelp.com/biz/bryan-and-sons-hauling-junk-removal-and-demolition-whittier,Bryan and Sons Hauling Junk Removal and Demolition,Bryan L,Bryan,L,bryanandsonscleanups@gmail.com,Business Owner,E-Commerce,(562) 686-9930,bryansjunkremoval.com,Whittier,Habibur Rahman,https://www.linkedin.com/in/ana-soria-alomoto-ba22119a,https://www.linkedin.com/in/ana-soria-alomoto-ba22119a,5 years 7 months in role and company,"London, England, United Kingdom",,,,USA
36,https://www.yelp.com/biz/cams-hauling-colton-2,Cams Hauling,Cameron G,Cameron,G,mp.michelle.pearl@gmail.com,Business Owner,E-Commerce,(909) 277-4089,,Colton,Habibur Rahman,https://uk.linkedin.com/in/athina-bluff-17417999,https://uk.linkedin.com/in/athina-bluff-17417999,7 years 10 months in role and company,"London, England, United Kingdom",,,,USA
37,https://www.yelp.com/biz/chacon-brothers-junk-removal-and-demoliton-corona,Chacon Brothers Junk Removal And Demoliton,Piga simu,Piga,simu,chaconbrothers951@gmail.com,Owner,E-Commerce,(951) 258-9290,,Corona,Habibur Rahman,https://uk.linkedin.com/in/aurore-martial-bb91886,https://uk.linkedin.com/in/aurore-martial-bb91886,6 years 6 months in role and company,"London, England Metropolitan Area",,,,USA
38,https://www.yelp.com/biz/clean-it-up-montclair,Clean it up,Vince Glispy,Vince,Glispy,cleanitupcarpetcleaning@gmail.com,Owner,E-Commerce,(909) 851-1425,cleanitupsocal.com,Montclair,Habibur Rahman,https://www.linkedin.com/in/beatriz-gonzalez-a1144924,https://www.linkedin.com/in/beatriz-gonzalez-a1144924,4 years 3 months in role and company,"London, England Metropolitan Area",,,,USA
39,https://www.yelp.com/biz/clean-junk-out-south-pasadena-3,Clean Junk Out,DANNY B,DANNY,B,cleanjunkoutusa@gmail.com,Owner,E-Commerce,(626) 399-4065,South Pasadena,cleanitupsocal.com,Habibur Rahman,https://uk.linkedin.com/in/barbara-cizler-093893184,https://uk.linkedin.com/in/barbara-cizler-093893184,14 years 6 months in role and company,"London, England Metropolitan Area",,,,USA
40,https://www.yelp.com/biz/cmax-commercial-maintenance-ontario-2,CMAX Commercial Maintenance,Frank Gutierrez,Frank,Gutierrez,Frank@CMAXCorp.com,CEO,E-Commerce,(909) 268-7944,cmaxco.com,Ontario,Habibur Rahman,https://www.linkedin.com/in/bartosz-gajec-568837b,https://www.linkedin.com/in/bartosz-gajec-568837b,3 years 11 months in role and company,"London, England, United Kingdom",,,,USA
41,https://www.yelp.com/biz/daves-cheap-removal-pico-rivera-6,Dave’s cheap removal,David R,David,R,davescheapremoval@gmail.com,Owner,E-Commerce,(562) 302-1888,Pico Rivera,davescheapremoval.com,Habibur Rahman,https://www.linkedin.com/in/becca-wright-31691a4,https://www.linkedin.com/in/becca-wright-31691a4,5 years 6 months in role and company,"London, England, United Kingdom",,,,USA
42,https://www.yelp.com/biz/express-haul-ontario,Express Haul,Mamun Howlader,Mamun,Howlader,familyexpresshaulllc@gmail.com,Manager,E-Commerce,(909) 500-1100,expresshaulllc.com,Ontario,Habibur Rahman,https://www.linkedin.com/in/becci-oldman-7a9b23174,https://www.linkedin.com/in/becci-oldman-7a9b23174,10 years 6 months in role and company,Greater Southampton Area,,,,USA
43,https://www.yelp.com/biz/happy-junk-removal-covina,Happy Junk Removal,John Aguirre,John,Aguirre,john@azonsite.net,Owner,E-Commerce,(626) 665-3123,,Covina,Habibur Rahman,https://www.linkedin.com/in/betty-leveziel-6303294a,https://www.linkedin.com/in/betty-leveziel-6303294a,11 months in role and company,"London, England, United Kingdom",,,,USA
44,https://www.yelp.com/biz/hauling-la-junk-removal-service-los-angeles-7,Hauling LA - Junk Removal Service,Israel Cabrales,Israel,Cabrales,cabrales.israel@yahoo.com,Owner,E-Commerce,(310) 872-6955,haulingla.com,Los Angeles,Habibur Rahman,https://www.linkedin.com/in/boswell-beverley-84499918,https://www.linkedin.com/in/boswell-beverley-84499918,2 years 10 months in role and company,"London, England, United Kingdom",,,,USA
45,https://www.yelp.com/biz/in-and-out-removal-montclair-2,In and Out Removal,troy trevino,troy,trevino,troy@inandoutremoval.com,Owner,E-Commerce,(909) 397-9000,inandoutremoval.com,Montclair,Habibur Rahman,https://www.linkedin.com/in/bartekhaffner,https://www.linkedin.com/in/bartekhaffner,26 years 6 months in role and company,"London, England Metropolitan Area",,,,USA
46,https://www.yelp.com/biz/jayz-hauling-junk-and-jacuzzi-removals-corona,Jayz Hauling- Junk and Jacuzzi Removals,John Terrell,John,Terrell,jayzhauling@gmail.com,President,E-Commerce,(951) 741-1918,inandoutremoval.com,Corona,Habibur Rahman,https://www.linkedin.com/in/bhavin-taylor-53988630,https://www.linkedin.com/in/bhavin-taylor-53988630,8 years 2 months in role and company,"Barnet, England, United Kingdom",,,,USA
47,https://www.yelp.com/biz/jc-hauling-los-angeles-2,Jc Hauling,Jesus C,Jesus,C,jesse@jcjunkhauling.com,Owner,E-Commerce,(323) 449-5272,,Los Angeles,Habibur Rahman,https://www.linkedin.com/in/bibiana-walmsley-241a2721,https://www.linkedin.com/in/bibiana-walmsley-241a2721,5 years 3 months in role and company,"London, England, United Kingdom",,,,USA
48,https://www.yelp.com/biz/jtm-firewood-glendora-6,JTM Firewood,Justin M,Justin,M,jtmfirewood@gmail.com,Owner,E-Commerce,(626) 251-6476,jtmfirewood.com,Glendora,Habibur Rahman,https://www.linkedin.com/in/binita-kataria-7171884,https://www.linkedin.com/in/binita-kataria-7171884,6 years 7 months in role 7 years 7 months in company,"West Sussex, England, United Kingdom",,,,USA
49,https://www.yelp.com/biz/junk-junk-south-bay-redondo-beach,Junk Junk South Bay,David Carranza,David,Carranza,Junkjunksouthbay@gmail.com,Manager,E-Commerce,(424) 319-6767,junkjunksouthbay.com,Redondo Beach,Habibur Rahman,https://uk.linkedin.com/in/blanca-sanchez-25795410,https://uk.linkedin.com/in/blanca-sanchez-25795410,8 years 6 months in role and company,"Weybridge, England, United Kingdom",,,,USA
50,https://www.yelp.com/biz/junk-king-los-angeles-whittier,Junk King Los Angeles,Barbara Amezquita,Barbara,Amezquita,Barbara.Amezquita@junk-king.com,CFO,E-Commerce,(909) 284-4054,junk-king.com,Whittier,Habibur Rahman,https://www.linkedin.com/in/bridgetdempsey1,https://www.linkedin.com/in/bridgetdempsey1,8 years 2 months in role and company,"London, England Metropolitan Area",,,,USA
51,https://www.yelp.com/biz/junk-king-riverside-riverside,Junk King Riverside,Luc Bramlett,Luc,Bramlett,Luc.Bramlett@junk-king.com,Owner,E-Commerce,(951) 900-6101,junk-king.com,Riverside,Habibur Rahman,https://www.linkedin.com/in/bethvictoriasmith,https://www.linkedin.com/in/bethvictoriasmith,2 years 9 months in role and company,"London, England Metropolitan Area",,,,USA
52,https://www.yelp.com/biz/junkbug-junk-removal-and-hauling-services-irvine-2,JunkBug Junk Removal & Hauling Services,David M,David,M,junkbug@my.com,Business Owner,E-Commerce,(714) 452-7768,junkbug.weebly.com,Irvine,Habibur Rahman,https://www.linkedin.com/in/ula-burgiel-709a6942,https://www.linkedin.com/in/ula-burgiel-709a6942,6 years 2 months in role 9 years 4 months in company,"London, England, United Kingdom",,,,USA
53,https://www.yelp.com/biz/komplete-klean-out-montebello-6,Komplete Klean Out,Pedro Marin,Pedro,Marin,kompletekleanout@gmail.com,Owner,E-Commerce,(323) 426-0318,kompletekleanout.com,Montebello,Habibur Rahman,https://uk.linkedin.com/in/caitlin-nicol-2051a974,https://uk.linkedin.com/in/caitlin-nicol-2051a974,6 years 3 months in role and company,"London, England, United Kingdom",,,,USA
54,https://www.yelp.com/biz/lopez-junk-removal-and-bobcat-service-riverside-4,Lopez Junk Removal & Bobcat Service,mike L,mike,L,mike102105@hotmail.com,Business Owner,E-Commerce,(951) 903-6260,junkremovalperris.com,Riverside,Habibur Rahman,https://uk.linkedin.com/in/camilla-robertson-a790a81a,https://uk.linkedin.com/in/camilla-robertson-a790a81a,3 years 1 month in role and company,"London, England Metropolitan Area",,,,USA
55,https://www.yelp.com/biz/maxs-junk-removal-anaheim,Max’s Junk Removal,Max Hanus,Max,Hanus,max@junkremoval911.com,President,E-Commerce,(714) 400-6520,maxjunkremoval.com,Anaheim,Habibur Rahman,https://uk.linkedin.com/in/camilo-rincon-91343638,https://uk.linkedin.com/in/camilo-rincon-91343638,21 years 6 months in role and company,"London, England, United Kingdom",,,,USA
56,https://www.yelp.com/biz/so-cal-spa-removal-riverside,So Cal Spa Removal,Michael Gordon,Michael,Gordon,socalspa@gmail.com,Owner,E-Commerce,(951) 834-4683,socalsparemoval.com,Riverside,Habibur Rahman,https://uk.linkedin.com/in/candida-pollen-876a9635,https://uk.linkedin.com/in/candida-pollen-876a9635,6 years 5 months in role and company,"London, England, United Kingdom",,,,USA
57,https://www.yelp.com/biz/socal-dump-and-delivery-diamond-bar-2,SoCal Dump and Delivery,Paul Roberts,Paul,Roberts,socaldumpanddelivery@gmail.com,Owner,E-Commerce,(909) 896-9278,socaldumpanddelivery.com,Diamond Bar,Habibur Rahman,https://uk.linkedin.com/in/carladutraarch,https://uk.linkedin.com/in/carladutraarch,9 years 11 months in role and company,"London, England Metropolitan Area",,,,USA
58,https://www.yelp.com/biz/spencers-u-call-we-haul-pomona,Spencer’s U Call We Haul,Sharon Matthews,Sharon,Matthews,sharon.matthews@jud.state.ma.us,Accounting,E-Commerce,(909) 419-2094,spencersucallwehaul.com,Pomona,Habibur Rahman,https://uk.linkedin.com/in/carlos-sanchez-garcia-8bb40413,https://uk.linkedin.com/in/carlos-sanchez-garcia-8bb40413,7 years 6 months in role and company,"London, England, United Kingdom",,,,USA
59,https://www.yelp.com/biz/steves-junk-removal-apple-valley,Steve’s Junk Removal,Steve Mcgehee,Steve,Mcgehee,stevenmcgehee471@gmail.com,Owner,E-Commerce,(760) 508-1418,,Apple Valley,Habibur Rahman,https://www.linkedin.com/in/carolina-weston-72248b56,https://www.linkedin.com/in/carolina-weston-72248b56,1 year 1 month in role and company,"London, England, United Kingdom",,,,USA
60,https://www.yelp.com/biz/students-haul-junk-removal-seal-beach-2,Students Haul Junk Removal,Garrett S,Garrett,S,Garrett@studentshauljunk.com,Owner,E-Commerce,(833) 482-5348,StudentsHaulJunk.com,Seal Beach,Habibur Rahman,https://uk.linkedin.com/in/carolyn-fox-3a9b13125,https://uk.linkedin.com/in/carolyn-fox-3a9b13125,8 years 9 months in role and company,"London, England Metropolitan Area",,,,USA
61,https://www.yelp.com/biz/transform-your-space-tustin-4,Transform Your Space,Alice West,Alice,West,alice@transformyourspace.us,Organizer,E-Commerce,(949) 438-0150,transformyourspace.us,Tustin,Habibur Rahman,https://uk.linkedin.com/in/casey-kye-mcgrath-47442878,https://uk.linkedin.com/in/casey-kye-mcgrath-47442878,5 years 1 month in role and company,"Beaconsfield, England, United Kingdom",,,,USA
62,https://www.yelp.com/biz/we-get-rid-of-it-la-habra,We Get Rid of It,First Choice,First,Choice,firstchoicejunkhaulaway@gmail.com,Owner,E-Commerce,(623) 340-4443,,La Habra,Habibur Rahman,https://uk.linkedin.com/in/cathrine-lampa,https://uk.linkedin.com/in/cathrine-lampa,5 years 5 months in role and company,"London, England, United Kingdom",,,,USA
63,https://www.yelp.com/biz/west-la-hauling-and-junk-removal-los-angeles-2,West LA Hauling & Junk Removal,Vanessa Cabrales,Vanessa,Cabrales,Westlahauling@gmail.com,Owner,E-Commerce,(323) 218-2000,westlahauling.com,Los Angeles,Habibur Rahman,https://www.linkedin.com/in/carolyn-bertrand-77630838/,https://www.linkedin.com/in/carolyn-bertrand-77630838/,6 years 6 months in role and company,"Gerrards Cross, England, United Kingdom",,,,USA
64,https://www.yelp.com/biz/western-junk-removal-norco,Western Junk Removal,Christopher B,Christopher,B,westernjunkremoval@gmail.com,Owner,E-Commerce,(888) 951-5865,westernjunkremoval.com,Norco,Habibur Rahman,https://uk.linkedin.com/in/cara-browne-b6202b6b,https://uk.linkedin.com/in/cara-browne-b6202b6b,5 years 6 months in role and company,"London, England, United Kingdom",,,,USA
65,https://www.yelp.com/biz/you-call-we-haul-junk-orange-3,You Call We Haul Junk,Tanner Peterson,Tanner,Peterson,tannerpeterson222@gmail.com,Owner,E-Commerce,(714) 497-5823,ucallwehauljunk.net,Orange,Habibur Rahman,https://uk.linkedin.com/in/cecile-narbeth-b4473b63,https://uk.linkedin.com/in/cecile-narbeth-b4473b63,14 years 8 months in role and company,"London, England, United Kingdom",,,,USA
66,https://www.yelp.com/biz/1-800-got-junk-riverside-riverside-4,1-800-GOT-JUNK? Riverside,Yoree Grozenok,Yoree,Grozenok,yoree.grozenok@1800gotjunk.com,owner,E-Commerce,(800) 468-5865,1800gotjunk.com,Riverside,Nur Ahmmed,https://www.linkedin.com/in/celine-brousse/,https://www.linkedin.com/in/celine-brousse/,4 years 4 months in role and company,"London, England, United Kingdom",,,,USA
67,https://www.yelp.com/biz/advanced-don-davies-san-dimas,Advanced Don Davies,Don Davies,Don,Davies,advanceddondavies@gmail.com,owner,E-Commerce,(909) 599-9530,advanceddondavies.net,San Dimas,Nur Ahmmed,https://uk.linkedin.com/in/charlie-briegel-321bb985,https://uk.linkedin.com/in/charlie-briegel-321bb985,3 years 4 months in role and company,"London, England Metropolitan Area",,,,USA
68,https://www.yelp.com/biz/aftermath-clean-up-and-hauling-norco,Aftermath Clean up and Hauling,Eric P,Eric,P,eric@achservices.us,owner,E-Commerce,(951) 254-3924,achservices.us,Norco,Nur Ahmmed,https://uk.linkedin.com/in/charlotte-smith-86197375,https://uk.linkedin.com/in/charlotte-smith-86197375,20 years 2 months in role and company,"London, England, United Kingdom",,,,USA
69,https://www.yelp.com/biz/go-junk-free-america-los-angeles-4,Go Junk Free America,Evan Berger,Evan,Berger,Evan@gojunkfree.com,owner,E-Commerce,(323) 633-0610,gojunkfree.com,Los Angeles,Nur Ahmmed,https://uk.linkedin.com/in/charlotte-neave-3a55b896,https://uk.linkedin.com/in/charlotte-neave-3a55b896,5 years 9 months in role and company,Greater Southampton Area,,,,USA
70,https://www.yelp.com/biz/junk-king-inland-empire-rancho-cucamonga,Junk King Inland Empire,Ed Young,Ed,Young,edyoung@junk-king.com,Owner,E-Commerce,(909) 343-5865,junk-king.com,Rancho Cucamonga,Nur Ahmmed,https://uk.linkedin.com/in/chiara-moschella-945a8270,https://uk.linkedin.com/in/chiara-moschella-945a8270,2 years 4 months in role and company,"London, England, United Kingdom",,,,USA
71,https://www.yelp.com/biz/junk-smiths-huntington-beach,Junk Smiths,Sean S,Sean,S,sean@junksmiths.com,Owner,E-Commerce,(714) 330-5805,junksmiths.com,Huntington Beach,Nur Ahmmed,https://www.linkedin.com/in/christos-konstantinou,https://www.linkedin.com/in/christos-konstantinou,5 years 6 months in role and company,"London, England Metropolitan Area",,,,USA
72,https://www.yelp.com/biz/larry-the-rubbish-man-sun-valley-2,Larry The Rubbish Man,Larry Naramore,Larry,Naramore,Larry@larrytherubbishman.com,owner,E-Commerce,(818) 768-5734,larrytherubbishman.com,Sun Valley,Nur Ahmmed,https://uk.linkedin.com/in/chloe-white-332b1753,https://uk.linkedin.com/in/chloe-white-332b1753,2 years 6 months in role and company,"Watford, England, United Kingdom",,,,USA
73,https://www.yelp.com/biz/redbox-of-orange-county-placentia-2,Redbox+ of Orange County,chris covell,chris,covell,ccovell@redboxplus.com,owner,E-Commerce,(949) 891-2691,redboxplus.com,Placentia,Nur Ahmmed,https://uk.linkedin.com/in/chris-blaydes-77845b32,https://uk.linkedin.com/in/chris-blaydes-77845b32,2 years 2 months in role and company,"London, England, United Kingdom",,,,USA
74,https://www.yelp.com/biz/trinity-property-services-ontario,Trinity Property Services,Brandon Voyles,Brandon,Voyles,trinitypropertyservices@gmail.com,owner,E-Commerce,(909) 714-2447,trinitypropertyservices.net,Ontario,Nur Ahmmed,https://uk.linkedin.com/in/chris-stringfellow-6b3b1b116,https://uk.linkedin.com/in/chris-stringfellow-6b3b1b116,5 years 8 months in role and company,"London, England, United Kingdom",,,,USA
75,https://www.yelp.com/biz/waynes-junk-removal-west-hollywood,Wayne’s Junk Removal,Wayne Orkline,Wayne,Orkline,waynesjunkremoval@gmail.com,owner,E-Commerce,(323) 309-8002,trinitypropertyservices.net,West Hollywood,Nur Ahmmed,https://www.linkedin.com/in/christina-papazoglou-8ba29b91,https://www.linkedin.com/in/christina-papazoglou-8ba29b91,17 years 4 months in role and company,"London, England, United Kingdom",,,,USA
76,https://www.yelp.com/adredir?ad_business_id=BN3uaHPXXfUa6jEsgKWQUQ&campaign_id=ccgvgHtGcTNGT030IfSKMg&click_origin=search_results&placement=above_search&redirect_url=https%3A%2F%2Fwww.yelp.com%2Fbiz%2Fjunk-removal-heroes-coachella-valley-palm-springs&request_id=6f709ebba8575681&signature=e18906cd80f4bcbfe619d2ffce525b4d65dfe6cf7d144d423fa865c653b93c91&slot=0,Junk Removal Heroes Coachella Valley,Tonda Bradshaw,Tonda,Bradshaw,tbradshaw@junkremovalheroes.com,Owner,E-Commerce,(760) 364-5556,junkremovalheroes.com,Palm Springs,Shameem Reza,https://uk.linkedin.com/in/christine-may-lewsey-46830114,https://uk.linkedin.com/in/christine-may-lewsey-46830114,34 years 6 months in role and company,"London, England, United Kingdom",,,,USA
77,https://www.yelp.com/adredir?ad_business_id=Nc1MiHjp0LrrLsthY5JB1g&campaign_id=CY0_arGsrwNYLMjLu9I5pQ&click_origin=search_results&placement=above_search&redirect_url=https%3A%2F%2Fwww.yelp.com%2Fbiz%2Fsb-hauling-and-junk-removal-services-san-bernardino-2&request_id=6f709ebba8575681&signature=28ba8800973675c21a392c78b73415fb207796d72b1e2947952e6324d67095c5&slot=4,SB Hauling and Junk Removal Services,Gabriel G,Gabriel,G,garciag1801@gmail.com,Owner,E-Commerce,(909) 648-8585,sbhaulingandjunkremoval.com,San Bernardino,Shameem Reza,https://uk.linkedin.com/in/claire-holdom-75716435,https://uk.linkedin.com/in/claire-holdom-75716435,3 years in role and company,"London, England Metropolitan Area",,,,USA
78,https://www.yelp.com/adredir?ad_business_id=qVl8qYiDIGpcpNmRAPcI7A&campaign_id=iTP0JNLV1pK4_VUa_Q-ZXg&click_origin=search_results&placement=above_search&redirect_url=https%3A%2F%2Fwww.yelp.com%2Fbiz%2Fgreek-movers-redlands&request_id=6f709ebba8575681&signature=8f39f074cf2d631103d051cae0ec3acfcae930afbaf68503e2dccedb80846127&slot=3,Greek Movers,Phil,Phil,,phil@greekmoving.com,VP,E-Commerce,(949) 244-0188,greekmovers.com,Redlands,Shameem Reza,https://uk.linkedin.com/in/claire-mcpoland-2ab96a40,https://uk.linkedin.com/in/claire-mcpoland-2ab96a40,9 years 6 months in role and company,"London, England Metropolitan Area",,,,USA
79,https://www.yelp.com/adredir?ad_business_id=ylVvioBUnC8aKr7-iAcQBg&campaign_id=DOdaTbLoIeYaz27zxLOOEg&click_origin=search_results&placement=above_search&redirect_url=https%3A%2F%2Fwww.yelp.com%2Fbiz%2Fj-and-m-property-cleanup-and-hauling-colton&request_id=6f709ebba8575681&signature=9b8d6712d9ca107747ef6612c13957eedaad687770345e8079d566feba2a7750&slot=2,J & M Property Cleanup and Hauling,Jesse Mota Iii,Jesse,Iii,jesse@homeyou.com,Owner,E-Commerce,(909) 453-2297,jmcleanupshaulingllc.com,Colton,Shameem Reza,https://uk.linkedin.com/in/jan-stilwell-goodall-b7772b56,https://uk.linkedin.com/in/jan-stilwell-goodall-b7772b56,4 years 5 months in role and company,Greater Southampton Area,,,,USA
80,https://www.yelp.com/biz/24-7la-express-hauling-junk-and-removal-l-a-mid-wilshire,24/7LA Express Hauling Junk & Removal L.A.,Arturo Casadevall,Arturo,Casadevall,acasade1@jhu.edu,Owner,E-Commerce,(877) 586-5717,247-express-hauling-junk-removal.business.site,Mid-Wilshire,Shameem Reza,https://uk.linkedin.com/in/clara-ballesteros-98714234,https://uk.linkedin.com/in/clara-ballesteros-98714234,5 years 9 months in role and company,"London, England, United Kingdom",,,,USA
81,https://www.yelp.com/biz/a-s-k-services-inc-pasadena-2,A.S.K Services Inc.,Bart Bryant,Bart,Bryant,bbryant@ask-services.com,CEO,E-Commerce,(626) 372-3712,ask-services.com,Pasadena,Shameem Reza,https://uk.linkedin.com/in/clare-debney-b61b2655,https://uk.linkedin.com/in/clare-debney-b61b2655,21 years 3 months in role and company,"London, England, United Kingdom",,,,USA
82,https://www.yelp.com/biz/bins-4-less-la-puente,Bins 4 Less,Olman Rodriguez,Olman,Rodriguez,olmanr807@aol.com,Owner,E-Commerce,(626) 964-9453,binsforless.ca,La Puente,Shameem Reza,https://uk.linkedin.com/in/clare-langstaff-94801417,https://uk.linkedin.com/in/clare-langstaff-94801417,6 years 6 months in role and company,"London, England, United Kingdom",,,,USA
83,https://www.yelp.com/biz/clean-earth-hauling-pasadena,Clean Earth Hauling,David Panosyan,David,Panosyan,cleanearthhauling@gmail.com,Owner,E-Commerce,(626) 590-1158,cleanearthhauling.com,Pasadena,Shameem Reza,https://uk.linkedin.com/in/clare-weeks-99ab6635,https://uk.linkedin.com/in/clare-weeks-99ab6635,3 years 7 months in role and company,"Kensington and Chelsea, England, United Kingdom",,,,USA
84,https://www.yelp.com/biz/curb-it-san-bernardino,Curb-It,Cathi Yates,Cathi,Yates,Cathi.Yates@gmail.com,Co-Owner,E-Commerce,(888) 220-8743,curb-it.com,San Bernardino,Shameem Reza,https://www.linkedin.com/in/clare-icely-b618507,https://www.linkedin.com/in/clare-icely-b618507,8 months in role and company,"London, England, United Kingdom",,,,USA
85,https://www.yelp.com/biz/dvgm-hauling-and-disposal-west-covina,DVGM Hauling and Disposal,Dean V,Dean V,,dean@amsterdamhospitality.com,IT Manager,E-Commerce,(626) 598-2022,dvgm-hauling-and-disposal.business.site,West Covina,Shameem Reza,https://uk.linkedin.com/in/clemence-bourdariat-95061b4,https://uk.linkedin.com/in/clemence-bourdariat-95061b4,21 years 1 month in role and company,"London, England, United Kingdom",,,,USA
86,https://www.yelp.com/biz/eg-s-hauling-services-la-verne,EG’s Hauling services,Eddie G,Eddie,G,Eddie-G@eddie-G.com,Owner,E-Commerce,(714) 931-3979,,La Verne,Shameem Reza,https://uk.linkedin.com/in/colin-mccole-2132442a,https://uk.linkedin.com/in/colin-mccole-2132442a,26 years 4 months in role and company,"London, England, United Kingdom",,,,USA
87,https://www.yelp.com/biz/er-yard-clean-up-and-yard-maintenance-twin-peaks-2,ER Yard Clean Up & Yard Maintenance,Roberto R,Roberto,R,roberto.r@msn.com,Owner,E-Commerce,(909) 744-2361,,Twin Peaks,Shameem Reza,https://uk.linkedin.com/in/corinne-giordano-5b50ab22,https://uk.linkedin.com/in/corinne-giordano-5b50ab22,22 years 7 months in role and company,"London, England, United Kingdom",,,,USA
88,https://www.yelp.com/biz/everybody-s-got-junk-san-dimas,Everybody’s Got Junk,Brandon F,Brandon,F,BrandonFYT@gmail.com,Owner,E-Commerce,(909) 280-7629,sandimasdemolitioncontractor.com,San Dimas,Shameem Reza,https://uk.linkedin.com/in/courtney-fadness-thornalley-08932827,https://uk.linkedin.com/in/courtney-fadness-thornalley-08932827,7 years 6 months in role and company,"London, England, United Kingdom",,,,USA
89,https://www.yelp.com/biz/fox-junk-removal-pasadena,Fox Junk Removal,Eric Niehaus,Eric,Niehaus,eric.niehaus@msn.com,Owner,E-Commerce,(866) 980-5865,foxjunkremoval.com,Pasadena,Shameem Reza,https://uk.linkedin.com/in/carlotta-paulus-962446101,https://uk.linkedin.com/in/carlotta-paulus-962446101,10 years 6 months in role and company,"London, England Metropolitan Area",,,,USA
90,https://www.yelp.com/biz/gerards-hauling-and-demo-downey-3,Gerard’s Hauling and Demo,Joshua Barnes,Joshua,Barnes,joshua@liberty-demolition.com,Founder,E-Commerce,(424) 218-9439,,Downey,Shameem Reza,https://uk.linkedin.com/in/martinacsiki,https://uk.linkedin.com/in/martinacsiki,7 years in role and company,"London, England, United Kingdom",,,,USA
91,https://www.yelp.com/biz/greenway-swr-montclair-3,Greenway SWR,Charles J Elias,Charles,Elias,Celias@greenwayrecyclinginc.com,Manager,E-Commerce,(909) 518-7943,happyhaulaway.com,Montclair,Shameem Reza,https://www.linkedin.com/in/claudia-urvois-5419082/,https://www.linkedin.com/in/claudia-urvois-5419082/,1 year 10 months in role and company,"London, England, United Kingdom",,,,USA
92,https://www.yelp.com/biz/happy-haul-away-azusa,Happy Haul Away,David B. McBride,David,McBride,David.McBride@delaware.gov,Owner,E-Commerce,(626) 625-0861,happyhaulaway.com,Azusa,Shameem Reza,https://uk.linkedin.com/in/daisy-bere-7663b735,https://uk.linkedin.com/in/daisy-bere-7663b735,9 years 8 months in role and company,"London, England Metropolitan Area",,,,USA
93,https://www.yelp.com/biz/hauling-away-los-angeles-12,Hauling Away,Patricia C,Patricia,C,Patricia@haulingaway.com,Owner,E-Commerce,(323) 842-4371,haulingaway.com,Los Angeles,Shameem Reza,https://uk.linkedin.com/in/dan-savage-830a92a1,https://uk.linkedin.com/in/dan-savage-830a92a1,11 years 1 month in role and company,"London, England Metropolitan Area",,,,USA
94,https://www.yelp.com/biz/hunk-a-junk-covina,Hunk-A-Junk,Luis M,Luis,M,lms428@cornell.edu,Owner,E-Commerce,(626) 498-3409,innoutjunkhauling.com,Covina,Shameem Reza,https://uk.linkedin.com/in/londoninteriorshopping,https://uk.linkedin.com/in/londoninteriorshopping,21 years 3 months in role and company,"London, England, United Kingdom",,,,USA
95,https://www.yelp.com/biz/in-and-out-junk-hauling-experts-corona-3,In & Out Junk Hauling Experts,Eden Bungalow,Eden,Bungalow,eden.b.king@rice.edu,Owner,E-Commerce,(949) 328-6537,innoutjunkhauling.com,Corona,Shameem Reza,https://uk.linkedin.com/in/daniela-leonor-59903987/en-us,https://uk.linkedin.com/in/daniela-leonor-59903987/en-us,13 years 6 months in role and company,"London, England Metropolitan Area",,,,USA
96,https://www.yelp.com/biz/junk-king-orange-county-irvine-2,Junk King Orange County,Lee Turrini,Lee,Turrini,leeturrini@junk-king.com,President & Owner,E-Commerce,(949) 344-2293,junk-king.com,Irvine,Shameem Reza,https://uk.linkedin.com/in/daniella-nicholls-8983aa101,https://uk.linkedin.com/in/daniella-nicholls-8983aa101,7 years in role and company,"Liss, England, United Kingdom",,,,USA
97,https://www.yelp.com/biz/junk-squad-upland,Junk Squad,Steve Mcgehee,Steve,Mcgehee,Steve.Mcgehee@gmail.com,Owner,E-Commerce,(626) 264-2513,trashsquad.net,Upland,Shameem Reza,https://www.linkedin.com/in/daniella-de-vigne-95751010,https://www.linkedin.com/in/daniella-de-vigne-95751010,7 years 3 months in role and company,"London, England Metropolitan Area",,,,USA
98,https://www.yelp.com/biz/junk-tigers-hauling-and-demolition-irvine-17,Junk Tigers Hauling And Demolition,Joe Tiger,Joe,Tiger,junktigershaul@gmail.com,Founder,E-Commerce,(949) 842-4688,junktigers.com,Irvine,Shameem Reza,https://www.linkedin.com/in/danielle-lee-39a2122/,https://www.linkedin.com/in/danielle-lee-39a2122/,22 years 9 months in role and company,"London, England, United Kingdom",,,,USA
99,https://www.yelp.com/biz/junkguys-los-angeles-pomona-5,Junkguys Los Angeles,Mario martinez,Mario,martinez,mario.martinez@uoguelph.ca,Owner,E-Commerce,(562) 639-5747,sites.google.com,Pomona,Shameem Reza,https://uk.linkedin.com/in/david-carden-68ab9636,https://uk.linkedin.com/in/david-carden-68ab9636,9 years 9 months in role and company,"Bampton, England, United Kingdom",,,,USA
100,https://www.yelp.com/biz/la-junk-pros-los-angeles-2,LA Junk Pros,William A,William,A,william.a.brown@jsums.edu,Owner,E-Commerce,(323) 573-2618,la-junk-pros.business.site,Los Angeles,Shameem Reza,https://uk.linkedin.com/in/dawn-deyong-12371b4b,https://uk.linkedin.com/in/dawn-deyong-12371b4b,3 years in role and company,"London, England, United Kingdom",,,,USA
